Время расчета,Средний Хешрейт В День,Единица измерения,Сумма (PPS),Сумма (Бонус),Сумма (Итого),Описание
2024-10-29 03:00,18.16,TH/s,159.57774400,0,159.577744,С PPLNS
2024-10-28 03:00,18.64,TH/s,148.06686043,0,148.06686043,С PPLNS
2024-10-27 03:00,18.33,TH/s,122.77140201,0,122.77140201,С PPLNS
2024-10-26 03:00,18.26,TH/s,135.59950974,0,135.59950974,С PPLNS
2024-10-25 03:00,18.32,TH/s,184.13814393,0,184.13814393,С PPLNS
2024-10-24 03:00,15.94,TH/s,119.96453095,0,119.96453095,С PPLNS
2024-10-23 03:00,18.15,TH/s,511.87687965,0,511.87687965,С PPLNS
2024-10-22 03:00,18.09,TH/s,209.64057936,0,209.64057936,С PPLNS
2024-10-21 03:00,17.01,TH/s,145.60108948,0,145.60108948,С PPLNS
2024-10-20 03:00,18.53,TH/s,137.97719687,0,137.97719687,С PPLNS
2024-10-19 03:00,18.38,TH/s,133.08552261,0,133.08552261,С PPLNS
2024-10-18 03:00,18.33,TH/s,112.70683563,0,112.70683563,С PPLNS
2024-10-17 03:00,18.56,TH/s,128.72477626,0,128.72477626,С PPLNS
2024-10-16 03:00,18.29,TH/s,118.53249527,0,118.53249527,С PPLNS
2024-10-15 03:00,18.63,TH/s,123.44153588,0,123.44153588,С PPLNS
2024-10-14 03:00,18.52,TH/s,137.12660021,0,137.12660021,С PPLNS
2024-10-13 03:00,18.34,TH/s,118.43686100,0,118.436861,С PPLNS
2024-10-12 03:00,17.75,TH/s,115.35892720,0,115.3589272,С PPLNS
2024-10-11 03:00,18.16,TH/s,112.30415346,0,112.30415346,С PPLNS
2024-10-10 03:00,18.44,TH/s,114.21144196,0,114.21144196,С PPLNS
2024-10-09 03:00,18.39,TH/s,117.55348051,0,117.55348051,С PPLNS
2024-10-08 03:00,18.41,TH/s,118.40765106,0,118.40765106,С PPLNS
2024-10-07 03:00,18.43,TH/s,114.76586108,0,114.76586108,С PPLNS
2024-10-06 03:00,18.51,TH/s,131.04461930,0,131.0446193,С PPLNS
2024-10-05 03:00,18.57,TH/s,124.29753613,0,124.29753613,С PPLNS
2024-10-04 03:00,18.62,TH/s,127.87020961,0,127.87020961,С PPLNS
2024-10-03 03:00,18.12,TH/s,123.79243266,0,123.79243266,С PPLNS
2024-10-02 03:00,18.73,TH/s,126.72899373,0,126.72899373,С PPLNS
2024-10-01 03:00,18.49,TH/s,142.82966545,0,142.82966545,С PPLNS
2024-09-30 03:00,18.68,TH/s,128.18473155,0,128.18473155,С PPLNS
2024-09-29 03:00,18.33,TH/s,130.27230385,0,130.27230385,С PPLNS
2024-09-28 03:00,18.37,TH/s,137.54259281,0,137.54259281,С PPLNS
2024-09-27 03:00,18.43,TH/s,176.83148018,0,176.83148018,С PPLNS
2024-09-26 03:00,18.62,TH/s,135.25922546,0,135.25922546,С PPLNS
2024-09-25 03:00,18.55,TH/s,188.92573482,0,188.92573482,С PPLNS
2024-09-24 03:00,18.46,TH/s,140.22457162,0,140.22457162,С PPLNS
2024-09-23 03:00,18.47,TH/s,140.90672169,0,140.90672169,С PPLNS
2024-09-22 03:00,18.42,TH/s,176.41724432,0,176.41724432,С PPLNS
2024-09-21 03:00,18.23,TH/s,173.21910874,0,173.21910874,С PPLNS
2024-09-20 03:00,18.46,TH/s,166.66940066,0,166.66940066,С PPLNS
2024-09-19 03:00,18.23,TH/s,152.94063852,0,152.94063852,С PPLNS
2024-09-18 03:00,18.57,TH/s,158.86928640,0,158.8692864,С PPLNS
2024-09-17 03:00,17.13,TH/s,259.28963158,0,259.28963158,С PPLNS
2024-09-16 03:00,18.72,TH/s,572.54955357,0,572.54955357,С PPLNS
2024-09-15 03:00,18.53,TH/s,129.03717032,0,129.03717032,С PPLNS
2024-09-14 03:00,18.53,TH/s,136.59916557,0,136.59916557,С PPLNS
2024-09-13 03:00,18.55,TH/s,143.90468779,0,143.90468779,С PPLNS
2024-09-12 03:00,18.62,TH/s,130.50928659,0,130.50928659,С PPLNS
2024-09-11 03:00,18.52,TH/s,131.82419577,0,131.82419577,С PPLNS
2024-09-10 03:00,18.38,TH/s,132.15329521,0,132.15329521,С PPLNS
2024-09-09 03:00,18.67,TH/s,132.58626322,0,132.58626322,С PPLNS
2024-09-08 03:00,18.66,TH/s,133.47732123,0,133.47732123,С PPLNS
2024-09-07 03:00,18.62,TH/s,132.76205154,0,132.76205154,С PPLNS
2024-09-06 03:00,18.34,TH/s,132.15026521,0,132.15026521,С PPLNS
2024-09-05 03:00,18.68,TH/s,144.89038010,0,144.8903801,С PPLNS
2024-09-04 03:00,18.61,TH/s,148.65591422,0,148.65591422,С PPLNS
2024-09-03 03:00,18.75,TH/s,150.39669280,0,150.3966928,С PPLNS
2024-09-02 03:00,18.79,TH/s,152.57181674,0,152.57181674,С PPLNS
2024-09-01 03:00,18.44,TH/s,151.49307186,0,151.49307186,С PPLNS
2024-08-31 03:00,18.53,TH/s,156.33032596,0,156.33032596,С PPLNS
2024-08-30 03:00,18.40,TH/s,165.64782530,0,165.6478253,С PPLNS
2024-08-29 03:00,18.80,TH/s,179.25389023,0,179.25389023,С PPLNS
2024-08-28 03:00,18.60,TH/s,166.60095504,0,166.60095504,С PPLNS
2024-08-27 03:00,18.81,TH/s,166.49252075,0,166.49252075,С PPLNS
2024-08-26 03:00,18.56,TH/s,164.77930248,0,164.77930248,С PPLNS
2024-08-25 03:00,18.63,TH/s,169.44293069,0,169.44293069,С PPLNS
2024-08-24 03:00,18.65,TH/s,171.62169713,0,171.62169713,С PPLNS
2024-08-23 03:00,18.42,TH/s,171.66002772,0,171.66002772,С PPLNS
2024-08-22 03:00,18.54,TH/s,177.50253320,0,177.5025332,С PPLNS
2024-08-21 03:00,18.63,TH/s,178.90979456,0,178.90979456,С PPLNS
2024-08-20 03:00,18.58,TH/s,181.20732745,0,181.20732745,С PPLNS
2024-08-19 03:00,18.52,TH/s,184.08523032,0,184.08523032,С PPLNS
2024-08-18 03:00,18.60,TH/s,181.64982401,0,181.64982401,С PPLNS
2024-08-17 03:00,18.55,TH/s,182.91797584,0,182.91797584,С PPLNS
2024-08-16 03:00,18.59,TH/s,184.69408215,0,184.69408215,С PPLNS
2024-08-15 03:00,18.56,TH/s,183.58428447,0,183.58428447,С PPLNS
2024-08-14 03:00,18.56,TH/s,188.80175429,0,188.80175429,С PPLNS
2024-08-13 03:00,15.86,TH/s,160.06845600,0,160.068456,С PPLNS
2024-08-12 03:00,13.66,TH/s,140.21238874,0,140.21238874,С PPLNS
2024-08-11 03:00,18.55,TH/s,191.56657465,0,191.56657465,С PPLNS
2024-08-10 03:00,18.37,TH/s,196.36728733,0,196.36728733,С PPLNS
2024-08-09 03:00,18.47,TH/s,203.61845081,0,203.61845081,С PPLNS
2024-08-08 03:00,18.26,TH/s,201.51185655,0,201.51185655,С PPLNS
2024-08-07 03:00,18.33,TH/s,203.82178725,0,203.82178725,С PPLNS
2024-08-06 03:00,18.42,TH/s,216.16614359,0,216.16614359,С PPLNS
2024-08-05 03:00,18.39,TH/s,224.10685841,0,224.10685841,С PPLNS
2024-08-04 03:00,18.57,TH/s,252.47670902,0,252.47670902,С PPLNS
2024-08-03 03:00,18.44,TH/s,253.35887723,0,253.35887723,С PPLNS
2024-08-02 03:00,18.49,TH/s,263.74444219,0,263.74444219,С PPLNS
2024-08-01 03:00,18.26,TH/s,263.31043615,0,263.31043615,С PPLNS
2024-07-31 03:00,18.43,TH/s,267.94747224,0,267.94747224,С PPLNS
2024-07-30 03:00,18.64,TH/s,276.98710809,0,276.98710809,С PPLNS
2024-07-29 03:00,18.50,TH/s,278.72829338,0,278.72829338,С PPLNS
2024-07-28 03:00,18.14,TH/s,260.27976101,0,260.27976101,С PPLNS
2024-07-27 03:00,18.26,TH/s,276.26437642,0,276.26437642,С PPLNS
2024-07-26 03:00,18.20,TH/s,288.74914499,0,288.74914499,С PPLNS
2024-07-25 03:00,18.38,TH/s,285.12748146,0,285.12748146,С PPLNS
2024-07-24 03:00,18.26,TH/s,291.61739369,0,291.61739369,С PPLNS
2024-07-23 03:00,18.36,TH/s,303.38865964,0,303.38865964,С PPLNS
2024-07-22 03:00,18.24,TH/s,308.18537827,0,308.18537827,С PPLNS
2024-07-21 03:00,18.09,TH/s,311.06164579,0,311.06164579,С PPLNS
2024-07-20 03:00,18.32,TH/s,330.75623473,0,330.75623473,С PPLNS
2024-07-19 03:00,18.28,TH/s,344.22871708,0,344.22871708,С PPLNS
2024-07-18 03:00,18.33,TH/s,363.28384853,0,363.28384853,С PPLNS
2024-07-17 03:00,18.56,TH/s,376.54805924,0,376.54805924,С PPLNS
2024-07-16 03:00,16.51,TH/s,334.06151024,0,334.06151024,С PPLNS
2024-07-15 03:00,18.62,TH/s,378.56764925,0,378.56764925,С PPLNS
2024-07-14 03:00,18.63,TH/s,384.40945939,0,384.40945939,С PPLNS
2024-07-13 03:00,15.02,TH/s,316.23261194,0,316.23261194,С PPLNS
2024-07-12 03:00,15.09,TH/s,324.89199160,0,324.8919916,С PPLNS
2024-07-11 03:00,18.17,TH/s,396.60616925,0,396.60616925,С PPLNS
2024-07-10 03:00,18.03,TH/s,393.09355399,0,393.09355399,С PPLNS
2024-07-09 03:00,18.09,TH/s,393.77467982,0,393.77467982,С PPLNS
2024-07-08 03:00,17.84,TH/s,387.38424562,0,387.38424562,С PPLNS
2024-07-07 03:00,17.50,TH/s,389.18443253,0,389.18443253,С PPLNS
2024-07-06 03:00,17.48,TH/s,408.81236978,0,408.81236978,С PPLNS
2024-07-05 03:00,15.50,TH/s,367.91298041,0,367.91298041,С PPLNS
2024-07-04 03:00,16.03,TH/s,384.27667830,0,384.2766783,С PPLNS
2024-07-03 03:00,17.57,TH/s,430.38872748,0,430.38872748,С PPLNS
2024-07-02 03:00,17.79,TH/s,492.30565410,0,492.3056541,С PPLNS
2024-07-01 03:00,17.51,TH/s,507.58390136,0,507.58390136,С PPLNS
2024-06-30 03:00,17.55,TH/s,437.53311758,0,437.53311758,С PPLNS
2024-06-29 03:00,17.95,TH/s,454.48297735,0,454.48297735,С PPLNS
2024-06-28 03:00,14.99,TH/s,385.25779536,0,385.25779536,С PPLNS
2024-06-27 03:00,12.38,TH/s,318.42032226,0,318.42032226,С PPLNS
2024-06-26 03:00,15.33,TH/s,391.80674085,0,391.80674085,С PPLNS
2024-06-25 03:00,18.05,TH/s,463.08543691,0,463.08543691,С PPLNS
2024-06-24 03:00,18.10,TH/s,459.66904767,0,459.66904767,С PPLNS
2024-06-23 03:00,18.14,TH/s,459.39732486,0,459.39732486,С PPLNS
2024-06-22 03:00,17.87,TH/s,455.60495585,0,455.60495585,С PPLNS
2024-06-21 03:00,17.77,TH/s,449.85453121,0,449.85453121,С PPLNS
2024-06-20 03:00,16.71,TH/s,425.46611212,0,425.46611212,С PPLNS
2024-06-19 03:00,17.10,TH/s,435.75952375,0,435.75952375,С PPLNS
2024-06-18 03:00,16.85,TH/s,435.44617517,0,435.44617517,С PPLNS
2024-06-17 03:00,17.10,TH/s,443.17182262,0,443.17182262,С PPLNS
2024-06-16 03:00,17.26,TH/s,453.53664909,0,453.53664909,С PPLNS
2024-06-15 03:00,17.70,TH/s,480.38475158,0,480.38475158,С PPLNS
2024-06-14 03:00,17.47,TH/s,485.35555599,0,485.35555599,С PPLNS
2024-06-13 03:00,17.39,TH/s,483.30036033,0,483.30036033,С PPLNS
2024-06-12 03:00,17.12,TH/s,475.23480680,0,475.2348068,С PPLNS
2024-06-11 03:00,16.94,TH/s,470.52809745,0,470.52809745,С PPLNS
2024-06-10 03:00,17.43,TH/s,477.02453816,0,477.02453816,С PPLNS
2024-06-09 03:00,17.32,TH/s,480.03517556,0,480.03517556,С PPLNS
2024-06-08 03:00,18.08,TH/s,505.70608622,0,505.70608622,С PPLNS
2024-06-07 03:00,18.36,TH/s,518.70684551,0,518.70684551,С PPLNS
2024-06-06 03:00,18.50,TH/s,539.00920303,0,539.00920303,С PPLNS
2024-06-05 03:00,18.17,TH/s,548.54105034,0,548.54105034,С PPLNS
2024-06-04 03:00,17.78,TH/s,540.83399594,0,540.83399594,С PPLNS
2024-06-03 03:00,18.33,TH/s,553.87125217,0,553.87125217,С PPLNS
2024-06-02 03:00,18.20,TH/s,559.45370219,0,559.45370219,С PPLNS
2024-06-01 03:00,18.46,TH/s,567.87587761,0,567.87587761,С PPLNS
2024-05-31 03:00,18.60,TH/s,585.24292846,0,585.24292846,С PPLNS
2024-05-30 03:00,16.93,TH/s,534.34665338,0,534.34665338,С PPLNS
2024-05-29 03:00,18.55,TH/s,594.26811025,0,594.26811025,С PPLNS
2024-05-28 03:00,18.85,TH/s,603.51030603,0,603.51030603,С PPLNS
2024-05-27 03:00,18.55,TH/s,598.70330065,0,598.70330065,С PPLNS
2024-05-26 03:00,18.31,TH/s,595.10645231,0,595.10645231,С PPLNS
2024-05-25 03:00,17.53,TH/s,581.12374732,0,581.12374732,С PPLNS
2024-05-24 03:00,18.62,TH/s,625.00028434,0,625.00028434,С PPLNS
2024-05-23 03:00,16.86,TH/s,587.99387577,0,587.99387577,С PPLNS
2024-05-22 03:00,18.58,TH/s,672.63332497,0,672.63332497,С PPLNS
2024-05-21 03:00,18.34,TH/s,672.71760867,0,672.71760867,С PPLNS
2024-05-20 03:00,18.50,TH/s,683.16657115,0,683.16657115,С PPLNS
2024-05-19 03:00,18.56,TH/s,685.29058215,0,685.29058215,С PPLNS
2024-05-18 03:00,18.41,TH/s,692.93251743,0,692.93251743,С PPLNS
2024-05-17 03:00,18.32,TH/s,694.16374504,0,694.16374504,С PPLNS
2024-05-16 03:00,18.15,TH/s,685.99061890,0,685.9906189,С PPLNS
2024-05-15 03:00,18.49,TH/s,707.92976547,0,707.92976547,С PPLNS
2024-05-14 03:00,18.55,TH/s,726.52731770,0,726.5273177,С PPLNS
2024-05-13 03:00,18.61,TH/s,719.29929429,0,719.29929429,С PPLNS
2024-05-12 03:00,19.12,TH/s,730.59677316,0,730.59677316,С PPLNS
2024-05-11 03:00,18.83,TH/s,736.83421100,0,736.834211,С PPLNS
2024-05-10 03:00,18.27,TH/s,724.18987731,0,724.18987731,С PPLNS
2024-05-09 03:00,18.65,TH/s,737.94491231,0,737.94491231,С PPLNS
2024-05-08 03:00,18.62,TH/s,736.44567804,0,736.44567804,С PPLNS
2024-05-07 03:00,18.60,TH/s,734.33639209,0,734.33639209,С PPLNS
2024-05-06 03:00,18.62,TH/s,785.21164667,0,785.21164667,С PPLNS
2024-05-05 03:00,18.65,TH/s,776.54322630,0,776.5432263,С PPLNS
2024-05-04 03:00,17.02,TH/s,717.84248057,0,717.84248057,С PPLNS
2024-05-03 03:00,18.90,TH/s,810.18848448,0,810.18848448,С PPLNS
2024-05-02 03:00,18.65,TH/s,802.66172959,0,802.66172959,С PPLNS
2024-05-01 03:00,18.77,TH/s,819.91443506,0,819.91443506,С PPLNS
2024-04-30 03:00,18.92,TH/s,819.77334155,0,819.77334155,С PPLNS
2024-04-29 03:00,18.83,TH/s,820.38776941,0,820.38776941,С PPLNS
2024-04-28 03:00,18.69,TH/s,802.55187549,0,802.55187549,С PPLNS
2024-04-27 03:00,18.92,TH/s,816.46560561,0,816.46560561,С PPLNS
2024-04-26 03:00,18.65,TH/s,798.07209756,0,798.07209756,С PPLNS
2024-04-25 03:00,18.80,TH/s,802.02225420,0,802.0222542,С PPLNS
2024-04-24 03:00,18.90,TH/s,821.18005126,0,821.18005126,С PPLNS
2024-04-23 03:00,18.74,TH/s,812.56065158,0,812.56065158,С PPLNS
2024-04-22 03:00,18.64,TH/s,817.75256978,0,817.75256978,С PPLNS
2024-04-21 03:00,18.73,TH/s,825.70696594,0,825.70696594,С PPLNS
2024-04-20 03:00,12.87,TH/s,570.18185963,0,570.18185963,С PPLNS
2024-04-19 03:00,17.06,TH/s,793.97410513,0,793.97410513,С PPLNS
2024-04-18 03:00,18.83,TH/s,865.38140092,0,865.38140092,С PPLNS
2024-04-17 03:00,18.43,TH/s,884.98314527,0,884.98314527,С PPLNS
2024-04-16 03:00,18.65,TH/s,875.15453695,0,875.15453695,С PPLNS
2024-04-15 03:00,18.89,TH/s,871.75114340,0,871.7511434,С PPLNS
2024-04-14 03:00,18.62,TH/s,875.13260246,0,875.13260246,С PPLNS
2024-04-13 03:00,18.85,TH/s,896.23311679,0,896.23311679,С PPLNS
2024-04-12 03:00,18.62,TH/s,864.08996504,0,864.08996504,С PPLNS
2024-04-11 03:00,18.75,TH/s,874.47861494,0,874.47861494,С PPLNS
2024-04-10 03:00,18.95,TH/s,894.81921155,0,894.81921155,С PPLNS
2024-04-09 03:00,18.89,TH/s,912.74926754,0,912.74926754,С PPLNS
2024-04-08 03:00,18.87,TH/s,912.34394246,0,912.34394246,С PPLNS
2024-04-07 03:00,19.10,TH/s,923.18226434,0,923.18226434,С PPLNS
2024-04-06 03:00,11.59,TH/s,571.22755180,0,571.2275518,С PPLNS
2024-04-05 03:00,17.49,TH/s,914.37440971,0,914.37440971,С PPLNS
2024-04-04 03:00,19.01,TH/s,1002.84107979,0,1002.84107979,С PPLNS
2024-04-03 03:00,18.86,TH/s,997.91976257,0,997.91976257,С PPLNS
2024-04-02 03:00,17.89,TH/s,955.95774768,0,955.95774768,С PPLNS
2024-04-01 03:00,17.73,TH/s,941.21927687,0,941.21927687,С PPLNS
2024-03-31 03:00,16.84,TH/s,914.28147438,0,914.28147438,С PPLNS
2024-03-30 03:00,18.83,TH/s,1016.14814222,0,1016.14814222,С PPLNS
2024-03-29 03:00,19.07,TH/s,1019.73296311,0,1019.73296311,С PPLNS
2024-03-28 03:00,18.97,TH/s,1029.91248275,0,1029.91248275,С PPLNS
2024-03-27 03:00,19.13,TH/s,1041.75603728,0,1041.75603728,С PPLNS
2024-03-26 03:00,18.92,TH/s,1048.16034887,0,1048.16034887,С PPLNS
2024-03-25 03:00,18.80,TH/s,1049.76024574,0,1049.76024574,С PPLNS
2024-03-24 03:00,18.98,TH/s,1058.95246057,0,1058.95246057,С PPLNS
2024-03-23 03:00,18.64,TH/s,1040.42064532,0,1040.42064532,С PPLNS
2024-03-22 03:00,18.56,TH/s,1064.50492071,0,1064.50492071,С PPLNS
2024-03-21 03:00,18.65,TH/s,1075.83484741,0,1075.83484741,С PPLNS
2024-03-20 03:00,18.48,TH/s,1083.66761638,0,1083.66761638,С PPLNS
2024-03-19 03:00,18.84,TH/s,1099.97209435,0,1099.97209435,С PPLNS
2024-03-18 03:00,18.85,TH/s,1091.90038316,0,1091.90038316,С PPLNS
2024-03-17 03:00,18.63,TH/s,1080.86409375,0,1080.86409375,С PPLNS
2024-03-16 03:00,18.20,TH/s,1070.15845094,0,1070.15845094,С PPLNS
2024-03-15 03:00,18.41,TH/s,1084.59602545,0,1084.59602545,С PPLNS
2024-03-14 03:00,18.88,TH/s,1110.91634414,0,1110.91634414,С PPLNS
2024-03-13 03:00,18.50,TH/s,1090.38883644,0,1090.38883644,С PPLNS
2024-03-12 03:00,18.67,TH/s,1117.08340093,0,1117.08340093,С PPLNS
2024-03-11 03:00,18.89,TH/s,1138.81398568,0,1138.81398568,С PPLNS
2024-03-10 03:00,18.86,TH/s,1151.60562192,0,1151.60562192,С PPLNS
2024-03-09 03:00,18.65,TH/s,1130.88075085,0,1130.88075085,С PPLNS
2024-03-08 03:00,18.75,TH/s,1134.95366472,0,1134.95366472,С PPLNS
2024-03-07 03:00,18.51,TH/s,1135.95125264,0,1135.95125264,С PPLNS
2024-03-06 03:00,18.68,TH/s,1205.95260440,0,1205.9526044,С PPLNS
2024-03-05 03:00,18.20,TH/s,1164.16531050,0,1164.1653105,С PPLNS
2024-03-04 03:00,18.01,TH/s,1150.27980587,0,1150.27980587,С PPLNS
2024-03-03 03:00,18.30,TH/s,1188.43020670,0,1188.4302067,С PPLNS
2024-03-02 03:00,18.27,TH/s,1213.74192529,0,1213.74192529,С PPLNS
2024-03-01 03:00,18.21,TH/s,1221.22285431,0,1221.22285431,С PPLNS
2024-02-29 03:00,18.46,TH/s,1219.33419175,0,1219.33419175,С PPLNS
2024-02-28 03:00,16.34,TH/s,1087.44464865,0,1087.44464865,С PPLNS
2024-02-27 03:00,13.78,TH/s,922.68096132,0,922.68096132,С PPLNS
2024-02-26 03:00,16.39,TH/s,1085.36208985,0,1085.36208985,С PPLNS
2024-02-25 03:00,18.94,TH/s,1296.49459209,0,1296.49459209,С PPLNS
2024-02-24 03:00,18.85,TH/s,1277.80822945,0,1277.80822945,С PPLNS
2024-02-23 03:00,19.07,TH/s,1266.59490196,0,1266.59490196,С PPLNS
2024-02-22 03:00,18.78,TH/s,1248.56867021,0,1248.56867021,С PPLNS
2024-02-21 03:00,18.80,TH/s,1253.05751693,0,1253.05751693,С PPLNS
2024-02-20 03:00,18.84,TH/s,1243.75968785,0,1243.75968785,С PPLNS
2024-02-19 03:00,18.70,TH/s,1211.71331275,0,1211.71331275,С PPLNS
2024-02-18 03:00,18.96,TH/s,1255.43478659,0,1255.43478659,С PPLNS
2024-02-17 03:00,18.92,TH/s,1244.79411095,0,1244.79411095,С PPLNS
2024-02-16 03:00,18.64,TH/s,1215.76870013,0,1215.76870013,С PPLNS
2024-02-15 03:00,18.90,TH/s,1218.66995497,0,1218.66995497,С PPLNS
2024-02-14 03:00,18.84,TH/s,1229.99502586,0,1229.99502586,С PPLNS
2024-02-13 03:00,18.66,TH/s,1234.45446943,0,1234.45446943,С PPLNS
2024-02-12 03:00,19.01,TH/s,1251.24757115,0,1251.24757115,С PPLNS
2024-02-11 03:00,18.97,TH/s,1228.61717907,0,1228.61717907,С PPLNS
2024-02-10 03:00,18.79,TH/s,1210.13945009,0,1210.13945009,С PPLNS
2024-02-09 03:00,18.73,TH/s,1216.69118255,0,1216.69118255,С PPLNS
2024-02-08 03:00,18.90,TH/s,1252.60143683,0,1252.60143683,С PPLNS
2024-02-07 03:00,18.75,TH/s,1254.09923806,0,1254.09923806,С PPLNS
2024-02-06 03:00,18.73,TH/s,1289.36232535,0,1289.36232535,С PPLNS
2024-02-05 03:00,18.86,TH/s,1355.44916174,0,1355.44916174,С PPLNS
2024-02-04 03:00,18.66,TH/s,1328.39150075,0,1328.39150075,С PPLNS
2024-02-03 03:00,18.43,TH/s,1324.14895304,0,1324.14895304,С PPLNS
2024-02-02 03:00,15.82,TH/s,1144.55537461,0,1144.55537461,С PPLNS
2024-02-01 03:00,11.50,TH/s,549.72907124,0,549.72907124,С PPLNS
2024-02-01 03:00,11.50,TH/s,286.61003954,0,286.61003954,С PPLNS
2024-01-31 03:00,8.68,TH/s,641.40385983,0,641.40385983,С PPLNS
2024-01-30 03:00,18.12,TH/s,1351.44466648,0,1351.44466648,С PPLNS
2024-01-29 03:00,18.67,TH/s,1380.33407595,0,1380.33407595,С PPLNS
2024-01-28 03:00,18.25,TH/s,1348.32018658,0,1348.32018658,С PPLNS
2024-01-27 03:00,18.68,TH/s,1428.55748997,0,1428.55748997,С PPLNS
2024-01-26 03:00,18.76,TH/s,1454.50454910,0,1454.5045491,С PPLNS
2024-01-25 03:00,18.36,TH/s,1443.99447777,0,1443.99447777,С PPLNS
2024-01-24 03:00,18.63,TH/s,1502.32398938,0,1502.32398938,С PPLNS
2024-01-23 03:00,18.62,TH/s,1492.36185397,0,1492.36185397,С PPLNS
2024-01-22 03:00,18.82,TH/s,1518.91491836,0,1518.91491836,С PPLNS
2024-01-21 03:00,18.92,TH/s,1530.78733119,0,1530.78733119,С PPLNS
2024-01-20 03:00,18.62,TH/s,1528.40001612,0,1528.40001612,С PPLNS
2024-01-19 03:00,18.90,TH/s,1550.04383547,0,1550.04383547,С PPLNS
2024-01-18 03:00,19.02,TH/s,1599.41449399,0,1599.41449399,С PPLNS
2024-01-17 03:00,18.71,TH/s,1608.09354453,0,1608.09354453,С PPLNS
2024-01-16 03:00,18.65,TH/s,1585.79473594,0,1585.79473594,С PPLNS
2024-01-15 03:00,19.05,TH/s,1628.91931075,0,1628.91931075,С PPLNS
2024-01-14 03:00,18.59,TH/s,1567.54212987,0,1567.54212987,С PPLNS
2024-01-13 03:00,18.75,TH/s,1594.03162922,0,1594.03162922,С PPLNS
2024-01-12 03:00,19.05,TH/s,1618.66609364,0,1618.66609364,С PPLNS
2024-01-11 03:00,19.04,TH/s,1634.59459369,0,1634.59459369,С PPLNS
2024-01-10 03:00,18.42,TH/s,1585.64432442,0,1585.64432442,С PPLNS
2024-01-09 03:00,18.86,TH/s,1621.24931679,0,1621.24931679,С PPLNS
2024-01-08 03:00,18.89,TH/s,1618.52609860,0,1618.5260986,С PPLNS
2024-01-07 03:00,18.86,TH/s,1648.48240126,0,1648.48240126,С PPLNS
2024-01-06 03:00,18.86,TH/s,1673.41075814,0,1673.41075814,С PPLNS
2024-01-05 03:00,18.89,TH/s,1705.47943076,0,1705.47943076,С PPLNS
2024-01-04 03:00,18.90,TH/s,1748.18904925,0,1748.18904925,С PPLNS
2024-01-03 03:00,18.92,TH/s,1769.58640514,0,1769.58640514,С PPLNS
2024-01-02 03:00,18.81,TH/s,1760.26483956,0,1760.26483956,С PPLNS
2024-01-01 03:00,19.03,TH/s,1785.35057365,0,1785.35057365,С PPLNS
2023-12-31 03:00,18.67,TH/s,1765.96450902,0,1765.96450902,С PPLNS
2023-12-30 03:00,18.72,TH/s,1800.17865717,0,1800.17865717,С PPLNS
2023-12-29 03:00,19.01,TH/s,1849.08219939,0,1849.08219939,С PPLNS
2023-12-28 03:00,18.75,TH/s,1847.27949050,0,1847.2794905,С PPLNS
2023-12-27 03:00,18.55,TH/s,1835.10601441,0,1835.10601441,С PPLNS
2023-12-26 03:00,18.88,TH/s,1875.23037494,0,1875.23037494,С PPLNS
2023-12-25 03:00,18.92,TH/s,1880.62479733,0,1880.62479733,С PPLNS
2023-12-24 03:00,13.65,TH/s,1366.97772565,0,1366.97772565,С PPLNS
2023-12-23 03:00,6.87,TH/s,709.89388840,0,709.8938884,С PPLNS
2023-12-22 03:00,6.85,TH/s,715.30793247,0,715.30793247,С PPLNS
2023-12-21 03:00,6.82,TH/s,720.37572684,0,720.37572684,С PPLNS
2023-12-20 03:00,6.88,TH/s,740.63951920,0,740.6395192,С PPLNS
2023-12-19 03:00,6.85,TH/s,755.55536071,0,755.55536071,С PPLNS
2023-12-18 03:00,6.76,TH/s,748.44175909,0,748.44175909,С PPLNS
2023-12-17 03:00,6.30,TH/s,738.84608438,0,738.84608438,С PPLNS
2023-12-16 03:00,6.89,TH/s,778.42283338,0,778.42283338,С PPLNS
2023-12-15 03:00,6.80,TH/s,786.17171899,0,786.17171899,С PPLNS
2023-12-14 03:00,6.89,TH/s,808.67588952,0,808.67588952,С PPLNS
2023-12-13 03:00,3.00,TH/s,355.77486546,0,355.77486546,С PPLNS
2023-12-12 03:00,2.94,TH/s,355.93549065,0,355.93549065,С PPLNS
2023-12-11 03:00,2.87,TH/s,352.99437950,0,352.9943795,С PPLNS
2023-12-10 03:00,2.97,TH/s,368.94738787,0,368.94738787,С PPLNS
2023-12-09 03:00,2.92,TH/s,370.90146923,0,370.90146923,С PPLNS
2023-12-08 03:00,2.95,TH/s,388.69369048,0,388.69369048,С PPLNS
2023-12-07 03:00,2.95,TH/s,422.50376201,0,422.50376201,С PPLNS
2023-12-06 03:00,2.88,TH/s,425.02492183,0,425.02492183,С PPLNS
2023-12-05 03:00,2.42,TH/s,372.30500298,0,372.30500298,С PPLNS
2023-12-04 03:00,2.28,TH/s,353.43754349,0,353.43754349,С PPLNS
2023-12-03 03:00,2.32,TH/s,366.49240306,0,366.49240306,С PPLNS
2023-12-02 03:00,2.33,TH/s,379.33416303,0,379.33416303,С PPLNS
2023-12-01 03:00,2.30,TH/s,383.86557780,0,383.8655778,С PPLNS
2023-11-30 03:00,2.29,TH/s,396.96953580,0,396.9695358,С PPLNS
2023-11-29 03:00,2.34,TH/s,426.11144752,0,426.11144752,С PPLNS
2023-11-28 03:00,2.31,TH/s,434.63902091,0,434.63902091,С PPLNS
2023-11-27 03:00,2.31,TH/s,441.23487171,0,441.23487171,С PPLNS
2023-11-26 03:00,2.34,TH/s,463.44239925,0,463.44239925,С PPLNS
2023-11-25 03:00,2.31,TH/s,491.44489611,0,491.44489611,С PPLNS
2023-11-24 03:00,2.31,TH/s,479.48650881,0,479.48650881,С PPLNS
2023-11-23 03:00,2.25,TH/s,454.21145293,0,454.21145293,С PPLNS
2023-11-22 03:00,2.34,TH/s,482.45345866,0,482.45345866,С PPLNS
2023-11-21 03:00,2.13,TH/s,442.88946037,0,442.88946037,С PPLNS